{
  "Users": [
    {
      "Id": "4397c11b-9fcd-4754-a804-bdad02d44145",
      "UserName": "admin",
      "Password": "$2a$10$zyieKMtQ6yUtTtknIDtGcOBn/XgnpKTJccuGotY5iDPIN.y/DBPse",
      "Role": "Admin",
      "Claims": null
    }
  ],
  "Connections": [
    {
      "Id": "3018dac7-2081-46ee-b31a-38f5c55bf344",
      "WorkflowStoreType": 0,
      "Host": "localhost",
      "Database": "StatelessWorkflowTest",
      "User": null,
      "Password": null,
      "Key": null,
      "Port": 27017,
      "ActiveCollection": "Workflows",
      "CompletedCollection": "CompletedWorkflows"
    }
  ]
}