{
  "Users": [
    {
      "Id": "3a2dd35f-173f-4ccf-ac54-5917fdb1e233",
      "UserName": "admin",
      "Password": "$2a$10$YhD11MGXBCUYdCgZSYcXTOZ5L4jgcO1J6TytkpnAWGRVOTkob7TvC",
      "Role": "Admin",
      "Claims": null
    },
    {
      "Id": "c90c2f04-e7e4-4667-9e3d-6403e5339c3f",
      "UserName": "basicuser",
      "Password": "$2a$10$1wjovBdBjS3.9Vg0exsReeYYBFIVahVym55DAm6Trgsp/Wnhxfh4O",
      "Role": "User",
      "Claims": null
    }
  ],
  "Connections": [
    {
      "Id": "23d1c329-2650-4bea-a4ff-5b32b211edd3",
      "WorkflowStoreType": 0,
      "Host": "IUADBN-APP-01",
      "Database": "CpsReturnFileWorkflows",
      "User": null,
      "Password": null,
      "Key": null,
      "Port": 27017,
      "ActiveCollection": "Workflows",
      "CompletedCollection": "CompletedWorkflows"
    },
    {
      "Id": "f56595f8-b86f-406a-8e73-3b486f020e85",
      "WorkflowStoreType": 0,
      "Host": "IUADBN-APP-01",
      "Database": "CommissionWorkflows",
      "User": null,
      "Password": null,
      "Key": null,
      "Port": 27017,
      "ActiveCollection": "Workflows",
      "CompletedCollection": "CompletedWorkflows"
    },
    {
      "Id": "89d845a5-dd17-4c28-bf7a-5449d87254be",
      "WorkflowStoreType": 0,
      "Host": "IUADBN-APP-01",
      "Database": "EmailWorkflows",
      "User": null,
      "Password": null,
      "Key": null,
      "Port": 27017,
      "ActiveCollection": "Workflows",
      "CompletedCollection": "CompletedWorkflows"
    },
    {
      "Id": "8b96c473-009a-4710-b293-d50a0a02100e",
      "WorkflowStoreType": 0,
      "Host": "IUADBN-APP-01",
      "Database": "FirstCollectionWorkflows",
      "User": null,
      "Password": null,
      "Key": null,
      "Port": 27017,
      "ActiveCollection": "Workflows",
      "CompletedCollection": "CompletedWorkflows"
    },
    {
      "Id": "7a144b41-456f-4a8c-b24b-d348636323ec",
      "WorkflowStoreType": 0,
      "Host": "IUADBN-APP-01",
      "Database": "Letters",
      "User": null,
      "Password": null,
      "Key": null,
      "Port": 27017,
      "ActiveCollection": "Workflows",
      "CompletedCollection": "CompletedWorkflows"
    },
    {
      "Id": "983e3105-e74e-4d37-81f1-573c91b0ae30",
      "WorkflowStoreType": 0,
      "Host": "IUADBN-APP-01",
      "Database": "SMS",
      "User": null,
      "Password": null,
      "Key": null,
      "Port": 27017,
      "ActiveCollection": "Workflows",
      "CompletedCollection": "CompletedWorkflows"
    },
    {
      "Id": "e24cdb3b-9eb0-4987-a4a2-edf276a8bb33",
      "WorkflowStoreType": 0,
      "Host": "IUADBN-APP-01",
      "Database": "Workflows",
      "User": null,
      "Password": null,
      "Key": null,
      "Port": 27017,
      "ActiveCollection": "Workflows",
      "CompletedCollection": "CompletedWorkflows"
    },
    {
      "Id": "574465a8-7944-4a29-bacb-8db4153a4ad4",
      "WorkflowStoreType": 0,
      "Host": "IUADBN-APP-01",
      "Database": "EnricherWorkflows",
      "User": null,
      "Password": null,
      "Key": null,
      "Port": 27017,
      "ActiveCollection": "Workflows",
      "CompletedCollection": "CompletedWorkflows"
    },
    {
      "Id": "93ea765c-71ea-4bfd-a234-405fbcb5b376",
      "WorkflowStoreType": 0,
      "Host": "IUADBN-APP-01",
      "Database": "CpsTaskCreation",
      "User": null,
      "Password": null,
      "Key": null,
      "Port": 27017,
      "ActiveCollection": "Workflows",
      "CompletedCollection": "CompletedWorkflows"
    },
    {
      "Id": "97afb81b-265e-4a04-b54a-4a7b1130e940",
      "WorkflowStoreType": 0,
      "Host": "IUADBN-APP-01",
      "Database": "FileImport",
      "User": null,
      "Password": null,
      "Key": null,
      "Port": 27017,
      "ActiveCollection": "Workflows",
      "CompletedCollection": "CompletedWorkflows"
    },
    {
      "Id": "9fad1503-9cae-4878-aba1-43923794c10e",
      "WorkflowStoreType": 0,
      "Host": "IUADBN-APP-01",
      "Database": "PolicyUpdateWorkflows",
      "User": null,
      "Password": null,
      "Key": null,
      "Port": 27017,
      "ActiveCollection": "Workflows",
      "CompletedCollection": "CompletedWorkflows"
    },
    {
      "Id": "91bc389c-78b7-4f3b-b240-56dffe098496",
      "WorkflowStoreType": 0,
      "Host": "IUADBN-APP-01",
      "Database": "CpsPolicyUpdate",
      "User": null,
      "Password": null,
      "Key": null,
      "Port": 27017,
      "ActiveCollection": "Workflows",
      "CompletedCollection": "CompletedWorkflows"
    },
    {
      "Id": "78976a68-3458-42fc-9fe0-acaa564e46aa",
      "WorkflowStoreType": 0,
      "Host": "IUADBN-APP-01",
      "Database": "CpsSubmissions",
      "User": null,
      "Password": null,
      "Key": null,
      "Port": 27017,
      "ActiveCollection": "Workflows",
      "CompletedCollection": "CompletedWorkflows"
    },
    {
      "Id": "b1823d9c-6c78-4639-86c8-6adbabc9c389",
      "WorkflowStoreType": 0,
      "Host": "IUADBN-APP-01",
      "Database": "Reinsurance",
      "User": null,
      "Password": null,
      "Key": null,
      "Port": 27017,
      "ActiveCollection": "Workflows",
      "CompletedCollection": "CompletedWorkflows"
    }
  ]
}